<?xml version="1.0" encoding="UTF-8"?>
<Configuration status="INFO">
	<Appenders>
	    <Console name="Console" target="SYSTEM_OUT">
	    	<PatternLayout pattern="[%d][%t][%p][%c:%L] %m%n"/>
	    </Console>
		<RollingFile name="RollingFile" fileName="D:/javaweb.log" filePattern="D:/javaweb.log/%d{yyyyMMdd}.log" append="true">
			<PatternLayout pattern="[%d][%t][%p][%c:%L] %m%n"/>
			<TimeBasedTriggeringPolicy modulate="true" interval="1"/>
		</RollingFile>
  	</Appenders>
  	<Loggers>
    	<Root level="info">
        	<AppenderRef ref="Console"/>
        	<AppenderRef ref="RollingFile"/>
    	</Root>
  	</Loggers>
</Configuration>
